,Flow,Accuracy
0,weka.Bagging_REPTree(1),0.98441
1,weka.JRip(1),0.98441
2,weka.BayesNet_K2(1),0.961024
3,weka.RandomForest(1),0.991091
4,weka.Logistic(1),0.988864
5,weka.SMO_PolyKernel(1),0.973274
6,weka.AdaBoostM1_DecisionStump(1),0.836303
7,weka.NaiveBayes(1),0.865256
8,weka.ZeroR(1),0.761693
9,weka.J48(1),0.985523
10,weka.REPTree(1),0.982183
11,weka.LogitBoost_DecisionStump(1),0.98441
12,weka.NaiveBayes(1),0.865256
13,weka.NaiveBayes(1),0.865256
14,weka.NaiveBayesUpdateable(1),0.865256
15,weka.Logistic(1),0.987751
16,weka.MultilayerPerceptron(1),0.983296
17,weka.SimpleLogistic(1),0.992205
18,weka.SMO_PolyKernel(1),0.973274
19,weka.IBk(1),0.989978
20,weka.KStar(1),0.953229
21,weka.LWL_DecisionStump(1),0.955457
22,weka.AdaBoostM1_DecisionStump(1),0.836303
23,weka.AttributeSelectedClassifier_CfsSubsetEval_BestFirst_J48(1),0.966592
24,weka.Bagging_REPTree(1),0.98441
25,weka.ClassificationViaRegression_M5P(1),0.985523
26,weka.CVParameterSelection_ZeroR(1),0.761693
27,weka.FilteredClassifier_Discretize_J48(1),0.986637
28,weka.LogitBoost_DecisionStump(1),0.98441
29,weka.MultiClassClassifier_Logistic(1),0.992205
30,weka.MultiClassClassifierUpdateable_SGD(1),0.989978
31,weka.MultiScheme_ZeroR(1),0.761693
32,weka.RandomCommittee_RandomTree(1),0.992205
33,weka.RandomSubSpace_REPTree(1),0.989978
34,weka.Vote_ZeroR(1),0.761693
35,weka.DecisionTable_BestFirst(1),0.953229
36,weka.JRip(1),0.98441
37,weka.OneR(1),0.836303
38,weka.PART(1),0.982183
39,weka.ZeroR(1),0.761693
40,weka.DecisionStump(1),0.771715
41,weka.J48(1),0.985523
42,weka.LMT(1),0.993318
43,weka.RandomForest(1),0.991091
44,weka.RandomTree(1),0.982183
45,weka.REPTree(1),0.982183
46,weka.J48(1),0.965479
47,weka.SMO_RBFKernel(1),0.991091
48,weka.SMO_RBFKernel(1),0.975501
49,weka.SMO_RBFKernel(1),0.761693
50,weka.J48(1),0.965479
51,weka.SMO_RBFKernel(1),0.923163
52,weka.SMO_RBFKernel(1),0.831849
53,weka.SMO_RBFKernel(1),0.974388
54,weka.Bagging_REPTree(1),0.986637
55,weka.Bagging_REPTree(1),0.988864
56,weka.Bagging_REPTree(1),0.986637
57,weka.OneR(1),0.836303
58,weka.SMO_RBFKernel(1),0.809577
59,weka.SMO_RBFKernel(1),0.914254
60,weka.SMO_RBFKernel(1),0.985523
61,weka.SMO_RBFKernel(1),0.761693
62,weka.LMT(1),0.993318
63,weka.IBk(1),0.96882
64,weka.OneR(1),0.836303
65,weka.SMO_PolyKernel(1),0.993318
66,weka.SMO_RBFKernel(1),0.914254
67,weka.SMO_PolyKernel(1),0.966592
68,weka.Bagging_REPTree(1),0.986637
69,weka.J48(1),0.988864
70,weka.SMO_RBFKernel(1),0.761693
71,weka.J48(1),0.965479
72,weka.SMO_PolyKernel(1),0.989978
73,weka.SMO_PolyKernel(1),0.989978
74,weka.LMT(1),0.993318
75,weka.AdaBoostM1_DecisionStump(1),0.836303
76,weka.IBk(1),0.975501
77,weka.J48(1),0.966592
78,weka.SMO_RBFKernel(1),0.955457
79,weka.SMO_PolyKernel(1),0.991091
80,weka.IBk(1),0.955457
81,weka.SMO_PolyKernel(1),0.942094
82,weka.SMO_RBFKernel(1),0.973274
83,weka.J48(1),0.965479
84,weka.J48(1),0.966592
85,weka.LogitBoost_DecisionStump(1),0.994432
86,weka.IBk(1),0.957684
87,weka.SMO_RBFKernel(1),0.761693
88,weka.J48(1),0.988864
89,weka.SMO_PolyKernel(1),0.994432
90,weka.LMT(1),0.993318
91,weka.SMO_PolyKernel(1),0.992205
92,weka.LMT(1),0.993318
93,weka.AdaBoostM1_DecisionStump(1),0.836303
94,weka.RandomForest(1),0.97216
95,weka.J48(1),0.985523
96,weka.SMO_RBFKernel(1),0.81069
97,weka.SMO_PolyKernel(1),0.991091
98,weka.IBk(1),0.95657
99,weka.IBk(1),0.971047
100,weka.IBk(1),0.95657
101,weka.LogitBoost_DecisionStump(1),0.994432
102,weka.RandomForest(1),0.994432
103,weka.J48(1),0.98441
104,weka.J48(1),0.966592
105,weka.SMO_RBFKernel(1),0.761693
106,weka.RandomForest(1),0.985523
107,weka.LogitBoost_DecisionStump(1),0.992205
108,weka.J48(1),0.988864
109,weka.SMO_RBFKernel(1),0.809577
110,weka.J48(1),0.965479
111,weka.SMO_RBFKernel(1),0.797327
112,weka.SMO_RBFKernel(1),0.905345
113,weka.Bagging_REPTree(1),0.988864
114,weka.Bagging_REPTree(1),0.988864
115,weka.OneR(1),0.836303
116,weka.IBk(1),0.971047
117,weka.J48(1),0.985523
118,weka.RandomForest(1),0.993318
119,weka.AdaBoostM1_DecisionStump(1),0.836303
120,weka.SMO_RBFKernel(1),0.969933
121,weka.J48(1),0.989978
122,weka.SMO_PolyKernel(1),0.991091
123,weka.J48(1),0.989978
124,weka.OneR(1),0.836303
125,weka.IBk(1),0.962138
126,weka.J48(1),0.987751
127,weka.SMO_RBFKernel(1),0.816258
128,weka.SMO_RBFKernel(1),0.95657
129,weka.J48(1),0.963252
130,weka.SMO_RBFKernel(1),0.937639
131,weka.IBk(1),0.965479
132,weka.LogitBoost_DecisionStump(1),0.988864
133,weka.J48(1),0.98441
134,weka.SMO_PolyKernel(1),0.836303
135,weka.SMO_RBFKernel(1),0.915367
136,weka.OneR(1),0.836303
137,weka.J48(1),0.964365
138,weka.J48(1),0.985523
139,weka.J48(1),0.98441
140,weka.SMO_PolyKernel(1),0.991091
141,weka.SMO_RBFKernel(1),0.761693
142,weka.SMO_PolyKernel(1),0.988864
143,weka.Bagging_REPTree(1),0.989978
144,weka.J48(1),0.981069
145,weka.Bagging_REPTree(1),0.985523
146,weka.SMO_PolyKernel(1),0.993318
147,weka.SMO_RBFKernel(1),0.806236
148,weka.J48(1),0.985523
149,weka.Bagging_REPTree(1),0.986637
150,weka.SMO_RBFKernel(1),0.88196
151,weka.SMO_RBFKernel(1),0.983296
152,weka.J48(1),0.989978
153,weka.IBk(1),0.969933
154,weka.J48(1),0.966592
155,weka.SMO_RBFKernel(1),0.849666
156,weka.J48(1),0.966592
157,weka.SMO_RBFKernel(1),0.975501
158,weka.J48(1),0.988864
159,weka.AdaBoostM1_DecisionStump(1),0.836303
160,weka.SMO_RBFKernel(1),0.918708
161,weka.RandomForest(1),0.995546
162,weka.J48(1),0.989978
163,weka.Bagging_OneR(1),0.836303
164,weka.Bagging_JRip(1),0.988864
165,weka.AttributeSelectedClassifier_CfsSubsetEval_BestFirst_BFTree(1),0.973274
166,weka.MultiBoostAB_REPTree(1),0.996659
167,weka.MultiBoostAB_J48(1),0.995546
168,weka.AdaBoostM1_NaiveBayes(1),0.944321
169,weka.Dagging_DecisionStump(1),0.836303
170,weka.BayesNet_LAGDHillClimber(1),0.95657
171,weka.Bagging_LWL_DecisionStump(1),0.949889
172,weka.MultiBoostAB_LWL_DecisionStump(1),0.96882
173,weka.Bagging_NaiveBayes(1),0.873051
174,weka.AdaBoostM1_BFTree(1),0.996659
175,weka.END_ND_J48(1),0.988864
176,weka.AdaBoostM1_RandomForest(1),0.992205
177,weka.AdaBoostM1_LMT(1),0.994432
178,weka.MultiBoostAB_MultilayerPerceptron(1),0.987751
179,weka.Bagging_SMO_PolyKernel(1),0.977728
180,weka.AdaBoostM1_LMT(1),0.995546
181,weka.RacedIncrementalLogitBoost_DecisionStump(1),0.761693
182,weka.AdaBoostM1_LWL_DecisionStump(1),0.98441
183,weka.AdaBoostM1_LMT(1),0.994432
184,weka.Bagging_DecisionStump(1),0.836303
185,weka.MultiBoostAB_LMT(1),0.993318
186,weka.AdaBoostM1_LMT(1),0.994432
187,weka.Bagging_BFTree(1),0.991091
188,weka.Bagging_BFTree(1),0.985523
189,weka.AdaBoostM1_OneR(1),0.849666
190,weka.MultiBoostAB_REPTree(1),0.992205
191,weka.MultiBoostAB_OneR(1),0.849666
192,weka.AdaBoostM1_LADTree(1),0.995546
193,weka.MultiBoostAB_MultilayerPerceptron(1),0.983296
194,weka.AdaBoostM1_JRip(1),0.994432
195,weka.MultiBoostAB_REPTree(1),0.992205
196,weka.Bagging_MultilayerPerceptron(1),0.992205
197,weka.Bagging_BFTree(1),0.985523
198,weka.MultiBoostAB_OneR(1),0.849666
199,weka.Bagging_LADTree(1),0.98441
200,weka.Bagging_LADTree(1),0.98441
201,weka.AdaBoostM1_J48(1),0.994432
202,weka.Bagging_MultilayerPerceptron(1),0.992205
203,weka.AdaBoostM1_NaiveBayes(1),0.945434
204,weka.MultilayerPerceptron(1),0.992205
205,weka.Bagging_IBk(1),0.989978
206,weka.AttributeSelectedClassifier_CfsSubsetEval_BestFirst_RandomTree(1),0.971047
207,weka.MultiBoostAB_OneR(1),0.836303
208,weka.MultiBoostAB_RandomForest(1),0.992205
209,weka.MultiBoostAB_LMT(1),0.993318
210,weka.MultiBoostAB_OneR(1),0.842984
211,weka.Bagging_IBk(1),0.987751
212,weka.AttributeSelectedClassifier_CfsSubsetEval_BestFirst_LMT(1),0.969933
213,weka.AttributeSelectedClassifier_CfsSubsetEval_BestFirst_RBFClassifier(1),0.885301
214,weka.Bagging_LADTree(1),0.987751
215,weka.AdaBoostM1_SMO_PolyKernel(1),0.992205
216,weka.Bagging_OneR(1),0.836303
217,weka.MultilayerPerceptron(1),0.985523
218,weka.AdaBoostM1_MultilayerPerceptron(1),0.987751
219,weka.AttributeSelectedClassifier_CfsSubsetEval_BestFirst_J48(1),0.966592
220,weka.AdaBoostM1_OneR(1),0.853007
221,weka.Bagging_BFTree(1),0.989978
222,weka.Bagging_DecisionStump(1),0.836303
223,weka.AttributeSelectedClassifier_CfsSubsetEval_BestFirst_REPTree(1),0.963252
224,weka.Bagging_JRip(1),0.986637
225,weka.MultiBoostAB_DecisionStump(1),0.836303
226,weka.Bagging_LWL_DecisionStump(1),0.947661
227,weka.MultiBoostAB_LWL_DecisionStump(1),0.986637
228,weka.Bagging_RandomTree(1),0.993318
229,weka.Bagging_OneR(1),0.836303
230,weka.MultiBoostAB_IBk(1),0.989978
231,weka.AdaBoostM1_REPTree(1),0.996659
232,weka.Bagging_SMO_PolyKernel(1),0.973274
233,weka.AdaBoostM1_RandomTree(1),0.976615
234,weka.AttributeSelectedClassifier_CfsSubsetEval_BestFirst_DTNB(1),0.958797
235,weka.Bagging_J48(1),0.992205
236,weka.AdaBoostM1_NaiveBayes(1),0.944321
237,weka.AdaBoostM1_JRip(1),0.995546
238,weka.BayesNet_TAN(1),0.985523
239,weka.AdaBoostM1_J48(1),0.996659
240,weka.MultiBoostAB_RandomTree(1),0.976615
241,weka.Bagging_MultilayerPerceptron(1),0.993318
242,weka.AdaBoostM1_JRip(1),0.995546
243,weka.MultiBoostAB_NaiveBayes(1),0.927617
244,weka.BayesNet_TabuSearch(1),0.957684
245,weka.AttributeSelectedClassifier_CfsSubsetEval_BestFirst_Bagging_REPTree(1),0.974388
246,weka.AdaBoostM1_MultilayerPerceptron(1),0.987751
247,weka.MultilayerPerceptron(1),0.989978
248,weka.AdaBoostM1_J48(1),0.994432
249,weka.MultiBoostAB_RandomForest(1),0.992205
250,weka.AttributeSelectedClassifier_CfsSubsetEval_BestFirst_SimpleLogistic(1),0.912027
251,weka.ZeroR(1),0.761693
252,weka.ZeroR(1),0.761693
253,weka.J48(1),0.985523
254,weka.MultiBoostAB_LADTree(1),0.995546
255,weka.MultiBoostAB_J48(1),0.996659
256,weka.LWL_NaiveBayes(1),0.888641
257,weka.Bagging_J48(1),0.991091
258,weka.ZeroR(1),0.761693
259,weka.ZeroR(2),0.761693
260,weka.ZeroR(2),0.761693
261,weka.ZeroR(2),0.761693
262,weka.ZeroR(2),0.761693
263,weka.ZeroR(2),0.761693
264,weka.J48(3),0.985523
265,weka.J48(3),0.985523
266,weka.J48(3),0.985523
267,weka.ZeroR(2),0.761693
268,weka.Ridor(1),0.98441
269,weka.JRip(2),0.98441
270,weka.ZeroR(2),0.761693
271,weka.ZeroR(2),0.761693
272,weka.ZeroR(2),0.761693
273,weka.OneR(3),0.836303
274,weka.OneR(3),0.836303
275,weka.OneR(3),0.836303
276,weka.OneR(3),0.836303
277,weka.ZeroR(2),0.761693
278,weka.ZeroR(2),0.761693
279,weka.NaiveBayes(2),0.865256
280,weka.J48(3),0.985523
281,weka.J48(3),0.985523
282,weka.J48(3),0.985523
283,weka.J48(3),0.985523
284,weka.J48(3),0.985523
285,weka.J48(3),0.985523
286,weka.ZeroR(2),0.761693
287,weka.J48(3),0.985523
288,weka.J48(3),0.985523
289,weka.ZeroR(2),0.761693
290,weka.ZeroR(2),0.761693
291,weka.ZeroR(2),0.761693
292,weka.ZeroR(2),0.761693
293,weka.ZeroR(2),0.761693
294,weka.Bagging_J48(2),0.992205
295,weka.Bagging_J48(2),0.992205
296,weka.Bagging_J48(2),0.991091
297,weka.Bagging_JRip(2),0.987751
298,weka.Bagging_JRip(2),0.987751
299,weka.DTNB(2),0.985523
300,weka.Bagging_JRip(2),0.988864
301,weka.ZeroR(2),0.761693
302,weka.ZeroR(2),0.761693
303,weka.ZeroR(2),0.761693
304,weka.ZeroR(2),0.761693
305,weka.ZeroR(2),0.761693
306,weka.ZeroR(2),0.761693
307,weka.OneR(3),0.836303
308,weka.OneR(3),0.836303
309,weka.Bagging_REPTree(3),0.98441
310,weka.SMO_PolyKernel(6),0.973274
311,HIKNN(1),0.761693
312,HIKNN(1),0.761693
313,weka.Bagging_LMT(2),0.992205
314,weka.Bagging_LMT(2),0.992205
315,weka.NaiveBayes(2),0.865256
316,RandomRules(1),0.930958
317,weka.Bagging_LMT(2),0.992205
318,weka.Bagging_LMT(2),0.993318
319,weka.Bagging_LMT(2),0.991091
320,weka.Bagging_LWL_DecisionStump(2),0.949889
321,weka.Bagging_LWL_DecisionStump(2),0.949889
322,weka.Bagging_LWL_DecisionStump(2),0.947661
323,weka.Bagging_LWL_DecisionStump(2),0.947661
324,weka.Bagging_LWL_DecisionStump(2),0.947661
325,weka.Bagging_LWL_DecisionStump(2),0.947661
326,weka.Bagging_LWL_DecisionStump(2),0.947661
327,weka.Bagging_LWL_DecisionStump(2),0.947661
328,weka.ZeroR(2),0.761693
329,weka.ZeroR(2),0.761693
330,weka.ZeroR(2),0.761693
331,weka.ZeroR(2),0.761693
332,weka.ZeroR(2),0.761693
333,weka.FilteredClassifier_AttributeSelection_Ranker_PrincipalComponents_NaiveBayes(1),0.875278
334,weka.Vote_J48(1),0.986637
335,weka.Bagging_MultilayerPerceptron(2),0.992205
336,RandomRules(1),0.930958
337,RandomRules(1),0.930958
338,RandomRules(1),0.930958
339,RandomRules(1),0.930958
340,weka.Ridor(2),0.98441
341,weka.ZeroR(2),0.761693
342,weka.ZeroR(2),0.761693
343,weka.Bagging_NaiveBayes(2),0.86971
344,weka.RotationForest_PrincipalComponents_J48(3),0.986637
345,weka.Bagging_OneR(2),0.836303
346,weka.RotationForest_PrincipalComponents_J48(3),0.991091
347,weka.RotationForest_PrincipalComponents_J48(3),0.991091
348,weka.Bagging_OneR(2),0.836303
349,weka.RotationForest_PrincipalComponents_J48(3),0.989978
350,weka.RotationForest_PrincipalComponents_J48(3),0.989978
351,weka.RotationForest_PrincipalComponents_J48(3),0.989978
352,weka.Bagging_OneR(2),0.836303
353,weka.RotationForest_PrincipalComponents_J48(3),0.988864
354,weka.RotationForest_PrincipalComponents_J48(3),0.988864
355,weka.RotationForest_PrincipalComponents_J48(3),0.988864
356,weka.RotationForest_PrincipalComponents_J48(3),0.988864
357,weka.Bagging_OneR(2),0.836303
358,weka.Bagging_RandomForest(2),0.991091
359,weka.Bagging_RandomForest(2),0.991091
360,weka.Bagging_RandomForest(2),0.993318
361,weka.Bagging_RandomForest(2),0.993318
362,weka.Bagging_RandomForest(2),0.993318
363,weka.Bagging_RandomForest(2),0.993318
364,weka.Bagging_RandomTree(2),0.994432
365,weka.Bagging_RandomTree(2),0.994432
366,weka.Bagging_RandomTree(2),0.994432
367,weka.Bagging_RandomTree(2),0.991091
368,weka.Bagging_REPTree(3),0.985523
369,weka.Bagging_REPTree(3),0.986637
370,weka.Bagging_REPTree(3),0.989978
371,weka.Bagging_SMO_PolyKernel(2),0.977728
372,weka.Bagging_SMO_PolyKernel(2),0.977728
373,weka.ZeroR(2),0.761693
374,weka.ZeroR(2),0.761693
375,weka.OneR(3),0.836303
376,weka.J48(13),0.985523
377,weka.ZeroR(2),0.761693
378,weka.Bagging_SMO_PolyKernel(2),0.977728
379,weka.Bagging_SMO_PolyKernel(2),0.978842
380,weka.Bagging_SMO_PolyKernel(2),0.973274
381,weka.J48(13),0.985523
382,weka.J48(13),0.985523
383,weka.J48(13),0.985523
384,weka.J48(13),0.985523
385,weka.J48(13),0.985523
386,weka.J48(13),0.985523
387,weka.AdaBoostM1_DecisionStump(2),0.836303
388,weka.NaiveBayes(2),0.865256
389,weka.Logistic(3),0.987751
390,weka.SMO_PolyKernel(6),0.973274
391,weka.SMO_RBFKernel(2),0.918708
392,weka.IBk(2),0.989978
393,weka.JRip(2),0.98441
394,weka.RandomForest(2),0.994432
395,weka.A1DE(2),0.987751
396,weka.AdaBoostM1_BFTree(2),0.994432
397,weka.AdaBoostM1_BFTree(2),0.996659
398,weka.AdaBoostM1_BFTree(2),0.996659
399,weka.AdaBoostM1_BFTree(2),0.996659
400,weka.AdaBoostM1_DecisionStump(2),0.836303
401,weka.AdaBoostM1_DecisionStump(2),0.836303
402,weka.AdaBoostM1_IBk(2),0.989978
403,weka.AdaBoostM1_IBk(2),0.989978
404,weka.AdaBoostM1_J48(2),0.994432
405,weka.AdaBoostM1_J48(2),0.994432
406,weka.AdaBoostM1_J48(2),0.996659
407,weka.AdaBoostM1_J48(2),0.996659
408,weka.AdaBoostM1_J48(2),0.996659
409,weka.AdaBoostM1_JRip(2),0.994432
410,weka.AdaBoostM1_JRip(2),0.995546
411,weka.AdaBoostM1_JRip(2),0.995546
412,weka.AdaBoostM1_JRip(2),0.995546
413,weka.AdaBoostM1_LADTree(2),0.995546
414,weka.AdaBoostM1_LADTree(2),0.995546
415,weka.AdaBoostM1_LADTree(2),0.994432
416,weka.AdaBoostM1_LADTree(2),0.993318
417,weka.AdaBoostM1_LMT(2),0.993318
418,weka.AdaBoostM1_LMT(2),0.994432
419,weka.AdaBoostM1_LMT(2),0.994432
420,weka.AdaBoostM1_LMT(2),0.994432
421,weka.AdaBoostM1_LMT(2),0.995546
422,weka.LWL_DecisionStump(2),0.955457
423,weka.AdaBoostM1_LWL_DecisionStump(2),0.989978
424,weka.AdaBoostM1_LWL_DecisionStump(2),0.987751
425,classif.J48(1),0.987751
426,weka.AdaBoostM1_LWL_DecisionStump(2),0.987751
427,weka.AdaBoostM1_LWL_DecisionStump(2),0.98441
428,weka.AdaBoostM1_LWL_DecisionStump(2),0.982183
429,weka.AdaBoostM1_NaiveBayes(2),0.944321
430,weka.AdaBoostM1_NaiveBayes(2),0.944321
431,weka.AdaBoostM1_NaiveBayes(2),0.944321
432,weka.AdaBoostM1_NaiveBayes(2),0.945434
433,weka.AdaBoostM1_NaiveBayes(2),0.929844
434,weka.AdaBoostM1_OneR(2),0.853007
435,weka.AdaBoostM1_OneR(2),0.849666
436,weka.AdaBoostM1_OneR(2),0.849666
437,weka.AdaBoostM1_OneR(2),0.849666
438,weka.AdaBoostM1_OneR(2),0.849666
439,weka.AdaBoostM1_RandomForest(2),0.993318
440,weka.AdaBoostM1_RandomForest(2),0.993318
441,weka.AdaBoostM1_RandomForest(2),0.993318
442,weka.AdaBoostM1_RandomForest(2),0.993318
443,weka.AdaBoostM1_RandomForest(2),0.993318
444,weka.AdaBoostM1_RandomTree(2),0.976615
445,weka.AdaBoostM1_RandomTree(2),0.976615
446,weka.AdaBoostM1_RandomTree(2),0.976615
447,weka.AdaBoostM1_RandomTree(2),0.976615
448,weka.AdaBoostM1_RandomTree(2),0.976615
449,weka.AdaBoostM1_REPTree(2),0.996659
450,weka.AdaBoostM1_REPTree(2),0.996659
451,weka.AdaBoostM1_REPTree(2),0.996659
452,weka.AdaBoostM1_REPTree(2),0.996659
453,weka.AdaBoostM1_REPTree(2),0.996659
454,weka.AdaBoostM1_SMO_PolyKernel(2),0.993318
455,weka.AdaBoostM1_SMO_PolyKernel(2),0.993318
456,weka.AdaBoostM1_SMO_PolyKernel(2),0.992205
457,classif.J48(1),0.985523
458,weka.SMO_RBFKernel(2),0.918708
459,weka.A2DE(2),0.988864
460,weka.AdaBoostM1_BFTree(2),0.994432
461,weka.AdaBoostM1_BFTree(2),0.996659
462,weka.AdaBoostM1_J48(2),0.994432
463,weka.AdaBoostM1_J48(2),0.994432
464,weka.AdaBoostM1_J48(2),0.996659
465,weka.Decorate(1),0.991091
466,weka.J48(13),0.985523
467,weka.AdaBoostM1_DecisionStump(2),0.836303
468,weka.AdaBoostM1_DecisionStump(2),0.836303
469,weka.J48(13),0.985523
470,weka.J48(13),0.985523
471,weka.ZeroR(2),0.761693
472,weka.ZeroR(2),0.761693
473,weka.J48(28),0.985523
474,weka.ZeroR(8),0.761693
475,weka.Ridor(3),0.98441
476,weka.OneR(17),0.836303
477,weka.PART(3),0.982183
478,weka.OLM(3),0.845212
479,weka.NNge(3),0.989978
480,weka.SimpleCart(3),0.982183
481,weka.REPTree(9),0.982183
482,weka.RandomTree(10),0.982183
483,weka.RandomForest(5),0.994432
484,weka.NBTree(3),0.98441
485,weka.LMT(3),0.993318
486,weka.LADTree(3),0.982183
487,weka.J48graft(1),0.986637
488,weka.HoeffdingTree(3),0.761693
489,weka.FT(1),0.991091
490,weka.DecisionStump(4),0.771715
491,weka.BFTree(3),0.98441
492,weka.JRip(4),0.98441
493,weka.DTNB(3),0.985523
494,weka.DecisionTable_BestFirst(5),0.953229
495,weka.ConjunctiveRule(3),0.841871
496,weka.CHIRP(1),0.987751
497,weka.HyperPipes(1),0.977728
498,weka.InputMappedClassifier_ZeroR(1),0.761693
499,weka.VFI(1),0.722717
500,weka.IB1(1),0.989978
501,weka.IBk(4),0.989978
502,weka.KStar(3),0.953229
503,weka.LWL_DecisionStump(3),0.955457
504,weka.LibLINEAR(1),0.750557
505,weka.Logistic(5),0.988864
506,weka.MultilayerPerceptron(3),0.985523
507,weka.MultilayerPerceptronCS(1),0.985523
508,weka.RBFClassifier(3),0.889755
509,weka.RBFNetwork(3),0.943207
510,weka.END_ND_J48(2),0.988864
511,weka.Grading_ZeroR(1),0.761693
512,weka.IterativeClassifierOptimizer_LogitBoost_DecisionStump(1),0.98441
513,weka.RacedIncrementalLogitBoost_DecisionStump(2),0.761693
514,weka.RandomCommittee_RandomTree(2),0.992205
515,weka.Vote_ZeroR(2),0.761693
516,weka.LogitBoost_DecisionStump(2),0.98441
517,weka.LogitBoost_DecisionStump(2),0.988864
518,weka.LogitBoost_DecisionStump(2),0.992205
519,weka.LogitBoost_DecisionStump(2),0.994432
520,weka.LogitBoost_DecisionStump(2),0.994432
521,weka.MultiBoostAB_DecisionStump(2),0.776169
522,weka.MultiBoostAB_DecisionStump(2),0.836303
523,weka.MultiBoostAB_DecisionStump(2),0.836303
524,weka.MultiBoostAB_DecisionStump(2),0.836303
525,weka.MultiBoostAB_DecisionStump(2),0.836303
526,weka.MultiBoostAB_NaiveBayes(2),0.944321
527,weka.MultiBoostAB_NaiveBayes(2),0.944321
528,weka.MultiBoostAB_NaiveBayes(2),0.945434
529,weka.MultiBoostAB_NaiveBayes(2),0.927617
530,weka.MultiBoostAB_NaiveBayes(2),0.883073
531,weka.MultiBoostAB_MultilayerPerceptron(2),0.983296
532,weka.A2DE(3),0.988864
533,weka.BayesNet_K2(6),0.961024
534,weka.LibSVM(2),0.85078
535,weka.LibLINEAR(1),0.631403
536,weka.SimpleLogistic(3),0.992205
537,weka.SMO_PolyKernel(10),0.973274
538,weka.SMO_RBFKernel(3),0.916481
539,weka.IBk(4),0.971047
540,weka.IBk(4),0.969933
541,weka.AdaBoostM1_DecisionStump(12),0.836303
542,weka.AdaBoostM1_DecisionStump(12),0.836303
543,weka.AdaBoostM1_DecisionStump(12),0.836303
544,weka.AdaBoostM1_DecisionStump(12),0.836303
545,weka.AdaBoostM1_DecisionStump(12),0.836303
546,weka.AttributeSelectedClassifier_CfsSubsetEval_BestFirst_J48(3),0.966592
547,weka.LogitBoost_DecisionStump(3),0.98441
548,weka.RandomSubSpace_REPTree(4),0.989978
549,weka.Bagging_REPTree(8),0.98441
550,weka.Bagging_REPTree(8),0.985523
551,weka.Bagging_REPTree(8),0.989978
552,classif.rpart(1),0.976615
553,classif.randomForest(1),0.992205
554,classif.rpart(1),0.992205
555,classif.rpart(1),0.992205
556,classif.rpart(1),0.992205
557,classif.rpart(1),0.992205
558,classif.randomForest(1),0.992205
559,classif.rpart(1),0.992205
560,classif.randomForest(1),0.992205
561,classif.rpart(1),0.992205
562,classif.randomForest(1),0.992205
563,weka.NaiveBayes(10),0.865256
564,weka.FilteredClassifier_Standardize_NaiveBayes(1),0.860802
565,classif.rpart(1),0.976615
566,classif.rpart(1),0.976615
567,classif.rpart(1),0.976615
568,classif.rpart(1),0.992205
569,classif.randomForest(1),0.992205
570,classif.rpart(1),0.992205
571,classif.J48(1),0.992205
572,classif.rpart(1),0.992205
573,classif.J48(1),0.992205
574,weka.FilteredClassifier_Discretize_J48(4),0.986637
575,weka.AttributeSelectedClassifier_PrincipalComponents_Ranker_J48(1),0.95657
576,weka.FilteredClassifier_PrincipalComponents_J48(1),0.95657
577,weka.A1DE(4),0.987751
578,weka.Bagging_REPTree(8),0.986637
579,weka.LogitBoost_DecisionStump(3),0.988864
580,weka.RandomSubSpace_REPTree(4),0.986637
581,weka.FURIA(1),0.986637
582,weka.LogitBoost_DecisionStump(3),0.983296
583,weka.LogitBoost_DecisionStump(3),0.994432
584,weka.LADTree(4),0.982183
585,weka.LogitBoost_DecisionStump(3),0.992205
586,weka.RandomSubSpace_REPTree(4),0.989978
587,weka.RandomSubSpace_REPTree(4),0.992205
588,weka.RandomSubSpace_REPTree(4),0.992205
589,weka.J48(13),0.985523
590,classif.rpart(1),0.976615
591,classif.rpart(1),0.976615
592,weka.RandomForest(5),0.994432
593,weka.Bagging_REPTree(8),0.98441
594,weka.A1DE(4),0.987751
595,weka.BayesNet_K2(6),0.961024
596,weka.A1DE(4),0.987751
597,weka.ZeroR(8),0.761693
598,weka.BayesNet_K2(6),0.961024
599,weka.Bagging_REPTree(8),0.98441
600,weka.BayesNet_K2(6),0.961024
601,weka.A1DE(4),0.987751
602,weka.RandomForest(5),0.994432
603,weka.BayesNet_K2(6),0.961024
604,weka.LibSVM(2),0.85078
605,weka.FilteredClassifier_Discretize_J48(4),0.986637
606,weka.RandomForest(5),0.994432
607,weka.NBTree(3),0.98441
608,weka.FilteredClassifier_Discretize_J48(4),0.986637
609,weka.RandomForest(5),0.994432
610,weka.A1DE(4),0.987751
611,weka.A1DE(4),0.987751
612,weka.RandomForest(5),0.994432
613,weka.NBTree(3),0.98441
614,weka.A1DE(4),0.987751
615,weka.A1DE(4),0.987751
616,weka.A1DE(4),0.987751
617,weka.BayesNet_K2(6),0.961024
618,weka.RandomForest(5),0.994432
619,weka.A1DE(4),0.987751
620,weka.LibSVM(2),0.85078
621,weka.LibSVM(2),0.85078
622,weka.RandomForest(5),0.994432
623,weka.BayesNet_K2(6),0.961024
624,weka.LibSVM(2),0.85078
625,weka.A1DE(4),0.987751
626,weka.LibSVM(2),0.85078
627,weka.A1DE(4),0.987751
628,weka.BayesNet_K2(6),0.961024
629,weka.FilteredClassifier_Discretize_J48(4),0.986637
630,weka.RandomForest(5),0.994432
631,weka.A1DE(4),0.987751
632,weka.RandomForest(5),0.994432
633,weka.FilteredClassifier_Discretize_J48(4),0.986637
634,weka.Bagging_REPTree(8),0.989978
635,weka.RandomForest(5),0.994432
636,weka.NBTree(3),0.98441
637,weka.A1DE(4),0.987751
638,classif.rpart(4),0.976615
639,classif.rpart(4),0.976615
640,weka.Bagging_REPTree(8),0.98441
641,weka.A1DE(4),0.987751
642,weka.A1DE(4),0.987751
643,weka.LibSVM(2),0.85078
644,weka.LibSVM(2),0.85078
645,weka.FilteredClassifier_Discretize_J48(4),0.986637
646,classif.rpart(5),0.976615
647,weka.Dagging_DecisionStump(3),0.836303
648,weka.Decorate(2),0.991091
649,weka.END_ND_J48(3),0.988864
650,weka.Grading_ZeroR(2),0.761693
651,weka.MultiBoostAB_DecisionStump(3),0.776169
652,weka.MultiBoostAB_DecisionStump(3),0.836303
653,weka.MultiBoostAB_DecisionStump(3),0.836303
654,weka.MultiBoostAB_DecisionStump(3),0.836303
655,weka.MultiBoostAB_DecisionStump(3),0.836303
656,weka.RacedIncrementalLogitBoost_DecisionStump(3),0.761693
657,weka.RotationForest_PrincipalComponents_J48(14),0.986637
658,classif.randomForest(11),0.992205
659,weka.RotationForest_PrincipalComponents_J48(14),0.989978
660,weka.RotationForest_PrincipalComponents_J48(14),0.991091
661,weka.RotationForest_PrincipalComponents_J48(14),0.989978
662,weka.RotationForest_PrincipalComponents_J48(14),0.988864
663,weka.RandomForest(5),0.994432
664,weka.NBTree(3),0.98441
665,weka.A1DE(4),0.987751
666,classif.randomForest(2),0.992205
667,classif.randomForest(2),0.992205
668,weka.Bagging_REPTree(8),0.98441
669,weka.A1DE(4),0.987751
670,weka.A1DE(4),0.987751
671,weka.A1DE(4),0.987751
672,weka.A1DE(4),0.987751
673,weka.LibSVM(2),0.85078
674,classif.randomForest(13),0.992205
675,weka.ZeroR(8),0.761693
676,weka.LibLINEAR(1),0.631403
677,weka.ZeroR(8),0.761693
678,weka.J48(28),0.985523
679,weka.ZeroR(8),0.761693
680,weka.J48(28),0.985523
681,classif.randomForest(14),0.992205
682,weka.FilteredClassifier_Discretize_J48(4),0.986637
683,weka.RandomForest(5),0.994432
684,weka.NBTree(3),0.98441
685,weka.A1DE(4),0.987751
686,weka.LibSVM(2),0.85078
687,classif.rpart(16),0.976615
688,classif.rpart(16),0.976615
689,classif.rpart(16),0.976615
690,classif.rpart(16),0.976615
691,weka.RandomForest(5),0.994432
692,weka.NBTree(3),0.98441
693,weka.A1DE(4),0.987751
694,weka.ZeroR(8),0.761693
695,weka.Bagging_REPTree(8),0.98441
696,weka.A1DE(4),0.987751
697,weka.A1DE(4),0.987751
698,weka.LibSVM(2),0.85078
699,weka.JRip(4),0.98441
700,weka.JRip(4),0.98441
701,weka.OneR(17),0.836303
702,weka.OneR(17),0.836303
703,weka.JRip(4),0.98441
704,weka.OneR(17),0.836303
705,classif.randomForest(28),0.992205
706,rm.process.parallel_decision_tree(1),0.987751
707,rm.process.bagging_parallel_decision_tree(1),0.986637
708,rm.process.bagging_parallel_decision_tree(1),0.986637
709,weka.ZeroR(8),0.761693
710,weka.RandomForest(5),0.994432
711,weka.NaiveBayes(10),0.865256
712,weka.RandomForest(5),0.994432
713,weka.RandomForest(5),0.994432
714,weka.NaiveBayes(10),0.865256
715,weka.NaiveBayes(10),0.865256
716,weka.NaiveBayes(10),0.865256
717,weka.NaiveBayes(10),0.865256
718,weka.ZeroR(9),0.761693
719,weka.FilteredClassifier_Discretize_J48(4),0.986637
720,weka.OneR(18),0.836303
721,weka.J48(33),0.985523
722,weka.IBk(7),0.989978
723,weka.IBk(7),0.989978
724,weka.REPTree(14),0.982183
725,weka.RandomForest(9),0.994432
726,weka.RandomForest(9),0.994432
727,weka.RandomForest(9),0.994432
728,weka.NaiveBayes(13),0.865256
729,weka.NaiveBayes(13),0.865256
730,weka.ZeroR(9),0.761693
731,weka.ZeroR(9),0.761693
732,weka.ZeroR(9),0.761693
733,weka.PART(4),0.982183
734,weka.ZeroR(9),0.761693
735,classif.rpart(37),0.976615
736,weka.ZeroR(9),0.761693
737,weka.ZeroR(9),0.761693
738,classif.rpart(37),0.976615
739,weka.J48(33),0.985523
740,classif.J48(19),0.985523
741,classif.JRip(6),0.981069
742,weka.MultilayerPerceptron(4),0.985523
743,weka.ZeroR(9),0.761693
744,classif.J48(21),0.985523
745,weka.ZeroR(9),0.761693
746,weka.J48(33),0.985523
747,weka.SMO_PolyKernel(11),0.973274
748,weka.OneR(18),0.836303
749,classif.rpart(38),0.976615
750,rm.process.parallel_decision_tree(2),0.987751
751,classif.avNNet(5),0.770601
752,classif.cforest(4),0.834076
753,classif.boosting(4),0.996659
754,classif.ctree(4),0.939866
755,classif.gbm(3),0.938753
756,classif.glmnet(1),0.98441
757,classif.IBk(5),0.989978
758,classif.J48(20),0.985523
759,classif.JRip(7),0.981069
760,classif.kknn(2),0.965479
761,classif.ksvm(4),0.987751
762,classif.multinom(5),0.986637
763,classif.naiveBayes(5),0.353007
764,classif.nnet(3),0.785078
765,classif.OneR(4),0.836303
766,classif.PART(4),0.983296
767,classif.randomForest(42),0.992205
768,classif.randomForestSRC(5),0.992205
769,classif.ranger(3),0.989978
770,classif.rda(4),0.846325
771,classif.svm(5),0.962138
772,classif.xgboost(4),0.982183
773,weka.ZeroR(9),0.761693
774,weka.IBk(7),0.989978
775,weka.NaiveBayes(13),0.865256
776,weka.J48(33),0.985523
777,weka.RandomForest(9),0.994432
778,weka.AttributeSelectedClassifier_CfsSubsetEval_BestFirst_IBk(3),0.969933
779,weka.AttributeSelectedClassifier_CfsSubsetEval_BestFirst_NaiveBayes(3),0.865256
780,weka.AttributeSelectedClassifier_CfsSubsetEval_BestFirst_J48(4),0.966592
781,weka.AttributeSelectedClassifier_CfsSubsetEval_BestFirst_RandomForest(3),0.976615
782,weka.ZeroR(11),0.761693
783,rm.process.parallel_decision_tree(1),0.987751
784,rm.process.parallel_decision_tree(1),0.987751
785,weka.J48(33),0.985523
786,weka.NaiveBayes(13),0.865256
787,classif.randomForest(43),0.992205
788,weka.ZeroR(9),0.761693
789,classif.randomForest(50),0.992205
790,classif.randomForest(50),0.992205
791,classif.randomForest(50),0.991091
792,classif.IBk(10),0.907572
793,weka.J48(33),0.985523
794,weka.ZeroR(9),0.761693
795,weka.Bagging_REPTree(17),0.98441
796,weka.ZeroR(12),0.761693
797,weka.MultiSearch_J48(2),0.992205
798,mlr.classif.randomForest(10),0.992205
799,weka.IBk(7),0.95657
800,weka.MultilayerPerceptron(4),0.991091
801,weka.MultilayerPerceptron(4),0.989978
802,weka.Bagging_MultilayerPerceptron(3),0.992205
803,weka.SimpleCart(4),0.982183
804,weka.J48(33),0.985523
805,weka.J48(33),0.985523
806,weka.J48(33),0.985523
807,weka.REPTree(16),0.982183
808,weka.NaiveBayes(14),0.865256
809,weka.KStar(4),0.953229
810,weka.RandomTree(11),0.982183
811,weka.J48(37),0.985523
812,weka.J48(38),0.985523
813,weka.LogitBoost_DecisionStump(11),0.98441
814,weka.J48(38),0.985523
815,"sklearn.pipeline.Pipeline(pca=sklearn.decomposition.pca.PCA,randomforestclassifier=sklearn.ensemble.forest.RandomForestClassifier)(1)",0.991091
816,"sklearn.pipeline.Pipeline(pca=sklearn.decomposition.pca.PCA,randomforestclassifier=sklearn.ensemble.forest.RandomForestClassifier)(1)",0.992205
817,"sklearn.pipeline.Pipeline(pca=sklearn.decomposition.pca.PCA,randomforestclassifier=sklearn.ensemble.forest.RandomForestClassifier)(1)",0.992205
818,"sklearn.pipeline.Pipeline(pca=sklearn.decomposition.pca.PCA,randomforestclassifier=sklearn.ensemble.forest.RandomForestClassifier)(1)",0.992205
819,"sklearn.pipeline.Pipeline(pca=sklearn.decomposition.pca.PCA,randomforestclassifier=sklearn.ensemble.forest.RandomForestClassifier)(1)",0.989978
820,weka.ZeroR(14),0.761693
821,weka.ZeroR(9),0.761693
822,weka.J48(38),0.985523
823,weka.Bagging_Vote_ZeroR(1),0.761693
824,weka.NaiveBayes(16),0.865256
825,weka.HoeffdingTree(6),0.761693
826,weka.BayesNet(2),0.961024
827,weka.IBk(11),0.989978
828,weka.RandomForest(12),0.994432
829,weka.CostSensitiveClassifier_J48(6),0.985523
830,weka.IBk(11),0.989978
831,weka.IBk(11),0.989978
832,weka.IBk(11),0.969933
833,weka.SMO_PolyKernel(15),0.942094
834,mlr.classif.randomForest(30),0.992205
835,mlr.classif.randomForest(29),0.992205
836,weka.ZeroR(13),0.761693
837,mlr.classif.randomForest(33),0.992205
838,mlr.classif.randomForest(34),0.992205
839,mlr.classif.randomForest(34),0.992205
